district_code,upazila_code,name_en,name_bn,lat,lng,source,is_verified
2003,20030004,Alikadam,,21.59618578,92.40337107,HDX cod-ab-bgd v03 (OCHA admin boundaries; adm1/2/3 centroid lat/lon),true
2003,20030014,Bandarban Sadar,,22.06545533,92.23266601,HDX cod-ab-bgd v03 (OCHA admin boundaries; adm1/2/3 centroid lat/lon),true
2003,20030051,Lama,,21.81028832,92.21156194,HDX cod-ab-bgd v03 (OCHA admin boundaries; adm1/2/3 centroid lat/lon),true
2003,20030073,Naikkhongchhari,,21.47139618,92.24297656,HDX cod-ab-bgd v03 (OCHA admin boundaries; adm1/2/3 centroid lat/lon),true
2003,20030089,Rowangchhari,,22.1994028,92.35191016,HDX cod-ab-bgd v03 (OCHA admin boundaries; adm1/2/3 centroid lat/lon),true
2003,20030091,Ruma,,22.00777832,92.44855183,HDX cod-ab-bgd v03 (OCHA admin boundaries; adm1/2/3 centroid lat/lon),true
2003,20030095,Thanchi,,21.64261732,92.53326194,HDX cod-ab-bgd v03 (OCHA admin boundaries; adm1/2/3 centroid lat/lon),true
2012,20120002,Akhaura,,23.8406693,91.1901894,HDX cod-ab-bgd v03 (OCHA admin boundaries; adm1/2/3 centroid lat/lon),true
2012,20120033,Ashuganj,,24.01814155,91.01833745,HDX cod-ab-bgd v03 (OCHA admin boundaries; adm1/2/3 centroid lat/lon),true
2012,20120004,Banchharampur,,23.78053412,90.80732254,HDX cod-ab-bgd v03 (OCHA admin boundaries; adm1/2/3 centroid lat/lon),true
2012,20120007,Bijoynagar,,23.99153007,91.22736838,HDX cod-ab-bgd v03 (OCHA admin boundaries; adm1/2/3 centroid lat/lon),true
2012,20120013,Brahmanbaria Sadar,,23.94993121,91.11594537,HDX cod-ab-bgd v03 (OCHA admin boundaries; adm1/2/3 centroid lat/lon),true
2012,20120063,Kasba,,23.76086796,91.13132405,HDX cod-ab-bgd v03 (OCHA admin boundaries; adm1/2/3 centroid lat/lon),true
2012,20120085,Nabinagar,,23.86327014,90.979673,HDX cod-ab-bgd v03 (OCHA admin boundaries; adm1/2/3 centroid lat/lon),true
2012,20120090,Nasirnagar,,24.18226005,91.1871252,HDX cod-ab-bgd v03 (OCHA admin boundaries; adm1/2/3 centroid lat/lon),true
2012,20120094,Sarail,,24.10250867,91.11323753,HDX cod-ab-bgd v03 (OCHA admin boundaries; adm1/2/3 centroid lat/lon),true
2013,20130022,Chandpur Sadar,,23.23175162,90.6513703,HDX cod-ab-bgd v03 (OCHA admin boundaries; adm1/2/3 centroid lat/lon),true
2013,20130045,Faridganj,,23.1441551,90.76190402,HDX cod-ab-bgd v03 (OCHA admin boundaries; adm1/2/3 centroid lat/lon),true
2013,20130047,Haimchar,,23.076609,90.61716648,HDX cod-ab-bgd v03 (OCHA admin boundaries; adm1/2/3 centroid lat/lon),true
2013,20130049,Hajiganj,,23.25779613,90.83747836,HDX cod-ab-bgd v03 (OCHA admin boundaries; adm1/2/3 centroid lat/lon),true
2013,20130058,Kachua,,23.35926547,90.88289267,HDX cod-ab-bgd v03 (OCHA admin boundaries; adm1/2/3 centroid lat/lon),true
2013,20130076,Matlab Dakkhin,,23.34815058,90.74730936,HDX cod-ab-bgd v03 (OCHA admin boundaries; adm1/2/3 centroid lat/lon),true
2013,20130079,Matlab Uttar,,23.4101348,90.64106338,HDX cod-ab-bgd v03 (OCHA admin boundaries; adm1/2/3 centroid lat/lon),true
2013,20130095,Shahrasti,,23.20587855,90.95691718,HDX cod-ab-bgd v03 (OCHA admin boundaries; adm1/2/3 centroid lat/lon),true
2015,20150004,Anwara,,22.19757387,91.8786927,HDX cod-ab-bgd v03 (OCHA admin boundaries; adm1/2/3 centroid lat/lon),true
2015,20150008,Banshkhali,,22.01727076,91.9380992,HDX cod-ab-bgd v03 (OCHA admin boundaries; adm1/2/3 centroid lat/lon),true
2015,20150012,Boalkhali,,22.37729487,91.96622113,HDX cod-ab-bgd v03 (OCHA admin boundaries; adm1/2/3 centroid lat/lon),true
2015,20150018,Chandanaish,,22.21239926,92.06454009,HDX cod-ab-bgd v03 (OCHA admin boundaries; adm1/2/3 centroid lat/lon),true
2015,20150033,Fatikchhari,,22.75545823,91.74886747,HDX cod-ab-bgd v03 (OCHA admin boundaries; adm1/2/3 centroid lat/lon),true
2015,20150037,Hathazari,,22.526199,91.79785039,HDX cod-ab-bgd v03 (OCHA admin boundaries; adm1/2/3 centroid lat/lon),true
2015,20150039,Karnaphuli,,22.28719585,91.8460119,HDX cod-ab-bgd v03 (OCHA admin boundaries; adm1/2/3 centroid lat/lon),true
2015,20150047,Lohagara,,21.98607426,92.11204876,HDX cod-ab-bgd v03 (OCHA admin boundaries; adm1/2/3 centroid lat/lon),true
2015,20150053,Mirsarai,,22.80385025,91.54756079,HDX cod-ab-bgd v03 (OCHA admin boundaries; adm1/2/3 centroid lat/lon),true
2015,20150061,Patiya,,22.29314167,91.98742056,HDX cod-ab-bgd v03 (OCHA admin boundaries; adm1/2/3 centroid lat/lon),true
2015,20150070,Rangunia,,22.46617757,92.06834682,HDX cod-ab-bgd v03 (OCHA admin boundaries; adm1/2/3 centroid lat/lon),true
2015,20150074,Raozan,,22.51965128,91.91727933,HDX cod-ab-bgd v03 (OCHA admin boundaries; adm1/2/3 centroid lat/lon),true
2015,20150078,Sandwip,,22.5106171,91.45787931,HDX cod-ab-bgd v03 (OCHA admin boundaries; adm1/2/3 centroid lat/lon),true
2015,20150082,Satkania,,22.10592592,92.05950882,HDX cod-ab-bgd v03 (OCHA admin boundaries; adm1/2/3 centroid lat/lon),true
2015,20150086,Sitakunda,,22.54303233,91.65690147,HDX cod-ab-bgd v03 (OCHA admin boundaries; adm1/2/3 centroid lat/lon),true
2022,20220016,Chakaria,,21.74110917,92.0517345,HDX cod-ab-bgd v03 (OCHA admin boundaries; adm1/2/3 centroid lat/lon),true
2022,20220024,Coxs Bazar Sadar,,21.46611549,92.01564253,HDX cod-ab-bgd v03 (OCHA admin boundaries; adm1/2/3 centroid lat/lon),true
2022,20220032,Eidgaon,,21.55582075,92.05915783,HDX cod-ab-bgd v03 (OCHA admin boundaries; adm1/2/3 centroid lat/lon),true
2022,20220045,Kutubdia,,21.83800675,91.86254458,HDX cod-ab-bgd v03 (OCHA admin boundaries; adm1/2/3 centroid lat/lon),true
2022,20220049,Maheshkhali,,21.60718915,91.91955884,HDX cod-ab-bgd v03 (OCHA admin boundaries; adm1/2/3 centroid lat/lon),true
2022,20220056,Pekua,,21.81593944,91.94474478,HDX cod-ab-bgd v03 (OCHA admin boundaries; adm1/2/3 centroid lat/lon),true
2022,20220066,Ramu,,21.43878767,92.12036409,HDX cod-ab-bgd v03 (OCHA admin boundaries; adm1/2/3 centroid lat/lon),true
2022,20220090,Teknaf,,20.96925113,92.23706771,HDX cod-ab-bgd v03 (OCHA admin boundaries; adm1/2/3 centroid lat/lon),true
2022,20220094,Ukhia,,21.22806282,92.11533645,HDX cod-ab-bgd v03 (OCHA admin boundaries; adm1/2/3 centroid lat/lon),true
2019,20190067,Adarsha Sadar,,23.47977528,91.15674514,HDX cod-ab-bgd v03 (OCHA admin boundaries; adm1/2/3 centroid lat/lon),true
2019,20190009,Barura,,23.35688513,91.04002614,HDX cod-ab-bgd v03 (OCHA admin boundaries; adm1/2/3 centroid lat/lon),true
2019,20190015,Brahmanpara,,23.64701097,91.09595838,HDX cod-ab-bgd v03 (OCHA admin boundaries; adm1/2/3 centroid lat/lon),true
2019,20190018,Burichang,,23.53518256,91.11687246,HDX cod-ab-bgd v03 (OCHA admin boundaries; adm1/2/3 centroid lat/lon),true
2019,20190027,Chandina,,23.44627926,90.94481512,HDX cod-ab-bgd v03 (OCHA admin boundaries; adm1/2/3 centroid lat/lon),true
2019,20190031,Chauddagram,,23.22183679,91.27969434,HDX cod-ab-bgd v03 (OCHA admin boundaries; adm1/2/3 centroid lat/lon),true
2019,20190036,Daudkandi,,23.50293787,90.77310239,HDX cod-ab-bgd v03 (OCHA admin boundaries; adm1/2/3 centroid lat/lon),true
2019,20190040,Debidwar,,23.5797482,90.99808648,HDX cod-ab-bgd v03 (OCHA admin boundaries; adm1/2/3 centroid lat/lon),true
2019,20190054,Homna,,23.68000235,90.81149876,HDX cod-ab-bgd v03 (OCHA admin boundaries; adm1/2/3 centroid lat/lon),true
2019,20190072,Laksam,,23.23144364,91.10487647,HDX cod-ab-bgd v03 (OCHA admin boundaries; adm1/2/3 centroid lat/lon),true
2019,20190073,Lalmai,,23.29766555,91.15944077,HDX cod-ab-bgd v03 (OCHA admin boundaries; adm1/2/3 centroid lat/lon),true
2019,20190074,Manoharganj,,23.13846962,91.0667073,HDX cod-ab-bgd v03 (OCHA admin boundaries; adm1/2/3 centroid lat/lon),true
2019,20190075,Meghna,,23.62583999,90.69021175,HDX cod-ab-bgd v03 (OCHA admin boundaries; adm1/2/3 centroid lat/lon),true
2019,20190081,Muradnagar,,23.67809628,90.94281174,HDX cod-ab-bgd v03 (OCHA admin boundaries; adm1/2/3 centroid lat/lon),true
2019,20190087,Nangalkot,,23.14025225,91.20909928,HDX cod-ab-bgd v03 (OCHA admin boundaries; adm1/2/3 centroid lat/lon),true
2019,20190033,Sadar Dakkhin,,23.38833515,91.20221146,HDX cod-ab-bgd v03 (OCHA admin boundaries; adm1/2/3 centroid lat/lon),true
2019,20190094,Titas,,23.59090553,90.79551033,HDX cod-ab-bgd v03 (OCHA admin boundaries; adm1/2/3 centroid lat/lon),true
2030,20300014,Chhagalnaiya,,23.02016933,91.50651106,HDX cod-ab-bgd v03 (OCHA admin boundaries; adm1/2/3 centroid lat/lon),true
2030,20300025,Daganbhuiyan,,22.97202602,91.29997117,HDX cod-ab-bgd v03 (OCHA admin boundaries; adm1/2/3 centroid lat/lon),true
2030,20300029,Feni Sadar,,22.99071311,91.41585715,HDX cod-ab-bgd v03 (OCHA admin boundaries; adm1/2/3 centroid lat/lon),true
2030,20300041,Fulgazi,,23.11846473,91.44164398,HDX cod-ab-bgd v03 (OCHA admin boundaries; adm1/2/3 centroid lat/lon),true
2030,20300051,Parashuram,,23.20244186,91.43849193,HDX cod-ab-bgd v03 (OCHA admin boundaries; adm1/2/3 centroid lat/lon),true
2030,20300094,Sonagazi,,22.85375019,91.396878,HDX cod-ab-bgd v03 (OCHA admin boundaries; adm1/2/3 centroid lat/lon),true
2046,20460043,Dighinala,,23.41579635,92.05900408,HDX cod-ab-bgd v03 (OCHA admin boundaries; adm1/2/3 centroid lat/lon),true
2046,20460047,Guimara,,22.95816063,91.92264133,HDX cod-ab-bgd v03 (OCHA admin boundaries; adm1/2/3 centroid lat/lon),true
2046,20460049,Khagrachhari Sadar,,23.15840266,91.9983411,HDX cod-ab-bgd v03 (OCHA admin boundaries; adm1/2/3 centroid lat/lon),true
2046,20460061,Lakkhichhari,,22.78361647,91.93107935,HDX cod-ab-bgd v03 (OCHA admin boundaries; adm1/2/3 centroid lat/lon),true
2046,20460065,Mahalchhari,,22.9835062,92.04945547,HDX cod-ab-bgd v03 (OCHA admin boundaries; adm1/2/3 centroid lat/lon),true
2046,20460067,Manikchhari,,22.85186911,91.8267801,HDX cod-ab-bgd v03 (OCHA admin boundaries; adm1/2/3 centroid lat/lon),true
2046,20460070,Matiranga,,23.16268454,91.85491132,HDX cod-ab-bgd v03 (OCHA admin boundaries; adm1/2/3 centroid lat/lon),true
2046,20460077,Panchhari,,23.34218676,91.92458743,HDX cod-ab-bgd v03 (OCHA admin boundaries; adm1/2/3 centroid lat/lon),true
2046,20460080,Ramgarh,,22.95403742,91.77612993,HDX cod-ab-bgd v03 (OCHA admin boundaries; adm1/2/3 centroid lat/lon),true
2051,20510033,Kamalnagar,,22.75743615,90.8537509,HDX cod-ab-bgd v03 (OCHA admin boundaries; adm1/2/3 centroid lat/lon),true
2051,20510043,Lakshmipur Sadar,,22.91127372,90.84389751,HDX cod-ab-bgd v03 (OCHA admin boundaries; adm1/2/3 centroid lat/lon),true
2051,20510058,Raipur,,23.00469424,90.73152598,HDX cod-ab-bgd v03 (OCHA admin boundaries; adm1/2/3 centroid lat/lon),true
2051,20510065,Ramganj,,23.09675351,90.87272553,HDX cod-ab-bgd v03 (OCHA admin boundaries; adm1/2/3 centroid lat/lon),true
2051,20510073,Ramgati,,22.62490396,90.92223747,HDX cod-ab-bgd v03 (OCHA admin boundaries; adm1/2/3 centroid lat/lon),true
2075,20750007,Begumganj,,22.93091025,91.09425854,HDX cod-ab-bgd v03 (OCHA admin boundaries; adm1/2/3 centroid lat/lon),true
2075,20750010,Chatkhil,,23.0533338,90.96372295,HDX cod-ab-bgd v03 (OCHA admin boundaries; adm1/2/3 centroid lat/lon),true
2075,20750021,Companiganj,,22.75865966,91.30075882,HDX cod-ab-bgd v03 (OCHA admin boundaries; adm1/2/3 centroid lat/lon),true
2075,20750036,Hatiya,,22.3481622,91.09140468,HDX cod-ab-bgd v03 (OCHA admin boundaries; adm1/2/3 centroid lat/lon),true
2075,20750047,Kabirhat,,22.81087606,91.19933235,HDX cod-ab-bgd v03 (OCHA admin boundaries; adm1/2/3 centroid lat/lon),true
2075,20750087,Noakhali Sadar,,22.80832731,91.04870857,HDX cod-ab-bgd v03 (OCHA admin boundaries; adm1/2/3 centroid lat/lon),true
2075,20750080,Senbag,,22.99063881,91.21267406,HDX cod-ab-bgd v03 (OCHA admin boundaries; adm1/2/3 centroid lat/lon),true
2075,20750083,Sonaimuri,,23.0262944,91.07783166,HDX cod-ab-bgd v03 (OCHA admin boundaries; adm1/2/3 centroid lat/lon),true
2075,20750085,Subarnachar,,22.61923455,91.15640167,HDX cod-ab-bgd v03 (OCHA admin boundaries; adm1/2/3 centroid lat/lon),true
2084,20840007,Baghaichhari,,23.38280723,92.23714299,HDX cod-ab-bgd v03 (OCHA admin boundaries; adm1/2/3 centroid lat/lon),true
2084,20840021,Barkal,,22.83095905,92.34613321,HDX cod-ab-bgd v03 (OCHA admin boundaries; adm1/2/3 centroid lat/lon),true
2084,20840029,Belaichhari,,22.2574125,92.48313972,HDX cod-ab-bgd v03 (OCHA admin boundaries; adm1/2/3 centroid lat/lon),true
2084,20840047,Jurachhari,,22.55930901,92.45549633,HDX cod-ab-bgd v03 (OCHA admin boundaries; adm1/2/3 centroid lat/lon),true
2084,20840036,Kaptai,,22.46236678,92.20166334,HDX cod-ab-bgd v03 (OCHA admin boundaries; adm1/2/3 centroid lat/lon),true
2084,20840025,Kawkhali,,22.62348916,92.0122707,HDX cod-ab-bgd v03 (OCHA admin boundaries; adm1/2/3 centroid lat/lon),true
2084,20840058,Langadu,,22.97008989,92.21665497,HDX cod-ab-bgd v03 (OCHA admin boundaries; adm1/2/3 centroid lat/lon),true
2084,20840075,Naniarchar,,22.83365535,92.07263493,HDX cod-ab-bgd v03 (OCHA admin boundaries; adm1/2/3 centroid lat/lon),true
2084,20840078,Rajasthali,,22.371584,92.2445794,HDX cod-ab-bgd v03 (OCHA admin boundaries; adm1/2/3 centroid lat/lon),true
2084,20840087,Rangamati Sadar,,22.64512234,92.20136392,HDX cod-ab-bgd v03 (OCHA admin boundaries; adm1/2/3 centroid lat/lon),true
3026,30260014,Dhamrai,,23.93897826,90.14080346,HDX cod-ab-bgd v03 (OCHA admin boundaries; adm1/2/3 centroid lat/lon),true
3026,30260018,Dohar,,23.60157963,90.10840628,HDX cod-ab-bgd v03 (OCHA admin boundaries; adm1/2/3 centroid lat/lon),true
3026,30260038,Keraniganj,,23.69433062,90.34365782,HDX cod-ab-bgd v03 (OCHA admin boundaries; adm1/2/3 centroid lat/lon),true
3026,30260062,Nawabganj,,23.67242589,90.16080129,HDX cod-ab-bgd v03 (OCHA admin boundaries; adm1/2/3 centroid lat/lon),true
3026,30260072,Savar,,23.87995122,90.28057123,HDX cod-ab-bgd v03 (OCHA admin boundaries; adm1/2/3 centroid lat/lon),true
3029,30290003,Alfadanga,,23.29513493,89.67033006,HDX cod-ab-bgd v03 (OCHA admin boundaries; adm1/2/3 centroid lat/lon),true
3029,30290010,Bhanga,,23.38910046,90.0100025,HDX cod-ab-bgd v03 (OCHA admin boundaries; adm1/2/3 centroid lat/lon),true
3029,30290018,Boalmari,,23.39867627,89.69242212,HDX cod-ab-bgd v03 (OCHA admin boundaries; adm1/2/3 centroid lat/lon),true
3029,30290021,Char Bhadrasan,,23.59005054,89.98012695,HDX cod-ab-bgd v03 (OCHA admin boundaries; adm1/2/3 centroid lat/lon),true
3029,30290047,Faridpur Sadar,,23.5974305,89.81272444,HDX cod-ab-bgd v03 (OCHA admin boundaries; adm1/2/3 centroid lat/lon),true
3029,30290056,Madhukhali,,23.54110013,89.61112757,HDX cod-ab-bgd v03 (OCHA admin boundaries; adm1/2/3 centroid lat/lon),true
3029,30290062,Nagarkanda,,23.43433249,89.89562244,HDX cod-ab-bgd v03 (OCHA admin boundaries; adm1/2/3 centroid lat/lon),true
3029,30290084,Sadarpur,,23.49841249,90.05092519,HDX cod-ab-bgd v03 (OCHA admin boundaries; adm1/2/3 centroid lat/lon),true
3029,30290090,Saltha,,23.41804522,89.80078563,HDX cod-ab-bgd v03 (OCHA admin boundaries; adm1/2/3 centroid lat/lon),true
3033,30330030,Gazipur Sadar,,24.08486105,90.42475588,HDX cod-ab-bgd v03 (OCHA admin boundaries; adm1/2/3 centroid lat/lon),true
3033,30330032,Kaliakair,,24.10221402,90.26555217,HDX cod-ab-bgd v03 (OCHA admin boundaries; adm1/2/3 centroid lat/lon),true
3033,30330034,Kaliganj,,23.96481774,90.55522821,HDX cod-ab-bgd v03 (OCHA admin boundaries; adm1/2/3 centroid lat/lon),true
3033,30330036,Kapasia,,24.14779535,90.60046014,HDX cod-ab-bgd v03 (OCHA admin boundaries; adm1/2/3 centroid lat/lon),true
3033,30330086,Sreepur,,24.20580898,90.44362975,HDX cod-ab-bgd v03 (OCHA admin boundaries; adm1/2/3 centroid lat/lon),true
3035,30350032,Gopalganj Sadar,,23.06056181,89.84767364,HDX cod-ab-bgd v03 (OCHA admin boundaries; adm1/2/3 centroid lat/lon),true
3035,30350043,Kashiani,,23.19131338,89.79519002,HDX cod-ab-bgd v03 (OCHA admin boundaries; adm1/2/3 centroid lat/lon),true
3035,30350051,Kotalipara,,23.01051938,90.02019937,HDX cod-ab-bgd v03 (OCHA admin boundaries; adm1/2/3 centroid lat/lon),true
3035,30350058,Muksudpur,,23.26614945,89.91575687,HDX cod-ab-bgd v03 (OCHA admin boundaries; adm1/2/3 centroid lat/lon),true
3035,30350091,Tungipara,,22.92359515,89.90223546,HDX cod-ab-bgd v03 (OCHA admin boundaries; adm1/2/3 centroid lat/lon),true
3048,30480002,Austagram,,24.32358689,91.12249556,HDX cod-ab-bgd v03 (OCHA admin boundaries; adm1/2/3 centroid lat/lon),true
3048,30480006,Bajitpur,,24.2266224,90.94846361,HDX cod-ab-bgd v03 (OCHA admin boundaries; adm1/2/3 centroid lat/lon),true
3048,30480011,Bhairab,,24.10221109,90.98120406,HDX cod-ab-bgd v03 (OCHA admin boundaries; adm1/2/3 centroid lat/lon),true
3048,30480027,Hossainpur,,24.44832765,90.66335442,HDX cod-ab-bgd v03 (OCHA admin boundaries; adm1/2/3 centroid lat/lon),true
3048,30480033,Itna,,24.55093334,91.08404973,HDX cod-ab-bgd v03 (OCHA admin boundaries; adm1/2/3 centroid lat/lon),true
3048,30480042,Karimganj,,24.45434037,90.89635343,HDX cod-ab-bgd v03 (OCHA admin boundaries; adm1/2/3 centroid lat/lon),true
3048,30480045,Katiadi,,24.2952187,90.82084672,HDX cod-ab-bgd v03 (OCHA admin boundaries; adm1/2/3 centroid lat/lon),true
3048,30480049,Kishoreganj Sadar,,24.42594991,90.78325593,HDX cod-ab-bgd v03 (OCHA admin boundaries; adm1/2/3 centroid lat/lon),true
3048,30480054,Kuliarchar,,24.15311063,90.88661308,HDX cod-ab-bgd v03 (OCHA admin boundaries; adm1/2/3 centroid lat/lon),true
3048,30480059,Mithamain,,24.43314857,91.11090071,HDX cod-ab-bgd v03 (OCHA admin boundaries; adm1/2/3 centroid lat/lon),true
3048,30480076,Nikli,,24.33828073,90.96093837,HDX cod-ab-bgd v03 (OCHA admin boundaries; adm1/2/3 centroid lat/lon),true
3048,30480079,Pakundia,,24.32148898,90.69366131,HDX cod-ab-bgd v03 (OCHA admin boundaries; adm1/2/3 centroid lat/lon),true
3048,30480092,Tarail,,24.55087077,90.89053903,HDX cod-ab-bgd v03 (OCHA admin boundaries; adm1/2/3 centroid lat/lon),true
3054,30540018,Dasar,,23.09203776,90.16068434,HDX cod-ab-bgd v03 (OCHA admin boundaries; adm1/2/3 centroid lat/lon),true
3054,30540040,Kalkini,,23.06702105,90.28068024,HDX cod-ab-bgd v03 (OCHA admin boundaries; adm1/2/3 centroid lat/lon),true
3054,30540054,Madaripur Sadar,,23.19122006,90.17839699,HDX cod-ab-bgd v03 (OCHA admin boundaries; adm1/2/3 centroid lat/lon),true
3054,30540080,Rajoir,,23.20208039,90.03856994,HDX cod-ab-bgd v03 (OCHA admin boundaries; adm1/2/3 centroid lat/lon),true
3054,30540087,Shibchar,,23.37319972,90.17594971,HDX cod-ab-bgd v03 (OCHA admin boundaries; adm1/2/3 centroid lat/lon),true
3056,30560010,Daulatpur,,23.95619414,89.79863832,HDX cod-ab-bgd v03 (OCHA admin boundaries; adm1/2/3 centroid lat/lon),true
3056,30560022,Ghior,,23.87441371,89.90388194,HDX cod-ab-bgd v03 (OCHA admin boundaries; adm1/2/3 centroid lat/lon),true
3056,30560028,Harirampur,,23.72066709,89.94587763,HDX cod-ab-bgd v03 (OCHA admin boundaries; adm1/2/3 centroid lat/lon),true
3056,30560046,Manikganj Sadar,,23.83665517,90.02995338,HDX cod-ab-bgd v03 (OCHA admin boundaries; adm1/2/3 centroid lat/lon),true
3056,30560070,Saturia,,23.95847921,90.00104205,HDX cod-ab-bgd v03 (OCHA admin boundaries; adm1/2/3 centroid lat/lon),true
3056,30560078,Shibalay,,23.83837419,89.81082872,HDX cod-ab-bgd v03 (OCHA admin boundaries; adm1/2/3 centroid lat/lon),true
3056,30560082,Singair,,23.78336259,90.15404116,HDX cod-ab-bgd v03 (OCHA admin boundaries; adm1/2/3 centroid lat/lon),true
3059,30590024,Gazaria,,23.54722572,90.62901939,HDX cod-ab-bgd v03 (OCHA admin boundaries; adm1/2/3 centroid lat/lon),true
3059,30590044,Louhajang,,23.46915976,90.34353188,HDX cod-ab-bgd v03 (OCHA admin boundaries; adm1/2/3 centroid lat/lon),true
3059,30590056,Munshiganj Sadar,,23.48746746,90.52607222,HDX cod-ab-bgd v03 (OCHA admin boundaries; adm1/2/3 centroid lat/lon),true
3059,30590074,Sirajdikhan,,23.59764523,90.35802481,HDX cod-ab-bgd v03 (OCHA admin boundaries; adm1/2/3 centroid lat/lon),true
3059,30590084,Sreenagar,,23.54637332,90.26358225,HDX cod-ab-bgd v03 (OCHA admin boundaries; adm1/2/3 centroid lat/lon),true
3059,30590094,Tongibari,,23.47479103,90.45275509,HDX cod-ab-bgd v03 (OCHA admin boundaries; adm1/2/3 centroid lat/lon),true
3067,30670002,Araihazar,,23.76432347,90.66936209,HDX cod-ab-bgd v03 (OCHA admin boundaries; adm1/2/3 centroid lat/lon),true
3067,30670006,Bandar,,23.64094241,90.54550603,HDX cod-ab-bgd v03 (OCHA admin boundaries; adm1/2/3 centroid lat/lon),true
3067,30670058,Narayanganj Sadar,,23.61270286,90.46967182,HDX cod-ab-bgd v03 (OCHA admin boundaries; adm1/2/3 centroid lat/lon),true
3067,30670068,Rupganj,,23.81242547,90.54002928,HDX cod-ab-bgd v03 (OCHA admin boundaries; adm1/2/3 centroid lat/lon),true
3067,30670004,Sonargaon,,23.67465419,90.59430133,HDX cod-ab-bgd v03 (OCHA admin boundaries; adm1/2/3 centroid lat/lon),true
3068,30680007,Belabo,,24.10145744,90.84873217,HDX cod-ab-bgd v03 (OCHA admin boundaries; adm1/2/3 centroid lat/lon),true
3068,30680052,Manohardi,,24.16079951,90.73076261,HDX cod-ab-bgd v03 (OCHA admin boundaries; adm1/2/3 centroid lat/lon),true
3068,30680060,Narsingdi Sadar,,23.86911891,90.70802254,HDX cod-ab-bgd v03 (OCHA admin boundaries; adm1/2/3 centroid lat/lon),true
3068,30680063,Palash,,23.95637032,90.64990826,HDX cod-ab-bgd v03 (OCHA admin boundaries; adm1/2/3 centroid lat/lon),true
3068,30680064,Raipura,,23.96194635,90.8720913,HDX cod-ab-bgd v03 (OCHA admin boundaries; adm1/2/3 centroid lat/lon),true
3068,30680076,Shibpur,,24.02764768,90.74701282,HDX cod-ab-bgd v03 (OCHA admin boundaries; adm1/2/3 centroid lat/lon),true
3082,30820007,Baliakandi,,23.65063781,89.55170229,HDX cod-ab-bgd v03 (OCHA admin boundaries; adm1/2/3 centroid lat/lon),true
3082,30820029,Goalanda,,23.75575567,89.76518481,HDX cod-ab-bgd v03 (OCHA admin boundaries; adm1/2/3 centroid lat/lon),true
3082,30820047,Kalukhali,,23.74188518,89.47527823,HDX cod-ab-bgd v03 (OCHA admin boundaries; adm1/2/3 centroid lat/lon),true
3082,30820073,Pangsha,,23.78899188,89.38777563,HDX cod-ab-bgd v03 (OCHA admin boundaries; adm1/2/3 centroid lat/lon),true
3082,30820076,Rajbari Sadar,,23.71718423,89.65606415,HDX cod-ab-bgd v03 (OCHA admin boundaries; adm1/2/3 centroid lat/lon),true
3086,30860014,Bhedarganj,,23.24773906,90.51356683,HDX cod-ab-bgd v03 (OCHA admin boundaries; adm1/2/3 centroid lat/lon),true
3086,30860025,Damudya,,23.13989972,90.42264111,HDX cod-ab-bgd v03 (OCHA admin boundaries; adm1/2/3 centroid lat/lon),true
3086,30860036,Gosairhat,,23.08167785,90.45694826,HDX cod-ab-bgd v03 (OCHA admin boundaries; adm1/2/3 centroid lat/lon),true
3086,30860065,Naria,,23.30575605,90.4276623,HDX cod-ab-bgd v03 (OCHA admin boundaries; adm1/2/3 centroid lat/lon),true
3086,30860069,Shariatpur Sadar,,23.21884243,90.31670125,HDX cod-ab-bgd v03 (OCHA admin boundaries; adm1/2/3 centroid lat/lon),true
3086,30860094,Zajira,,23.36558386,90.3236872,HDX cod-ab-bgd v03 (OCHA admin boundaries; adm1/2/3 centroid lat/lon),true
3093,30930009,Basail,,24.23384013,90.04024194,HDX cod-ab-bgd v03 (OCHA admin boundaries; adm1/2/3 centroid lat/lon),true
3093,30930019,Bhuanpur,,24.47720074,89.81588907,HDX cod-ab-bgd v03 (OCHA admin boundaries; adm1/2/3 centroid lat/lon),true
3093,30930023,Delduar,,24.14750937,89.93895701,HDX cod-ab-bgd v03 (OCHA admin boundaries; adm1/2/3 centroid lat/lon),true
3093,30930025,Dhanbari,,24.68753433,89.93350156,HDX cod-ab-bgd v03 (OCHA admin boundaries; adm1/2/3 centroid lat/lon),true
3093,30930028,Ghatail,,24.47370046,90.05304586,HDX cod-ab-bgd v03 (OCHA admin boundaries; adm1/2/3 centroid lat/lon),true
3093,30930038,Gopalpur,,24.57241619,89.90181619,HDX cod-ab-bgd v03 (OCHA admin boundaries; adm1/2/3 centroid lat/lon),true
3093,30930047,Kalihati,,24.3596877,89.94673602,HDX cod-ab-bgd v03 (OCHA admin boundaries; adm1/2/3 centroid lat/lon),true
3093,30930057,Madhupur,,24.65012904,90.06228115,HDX cod-ab-bgd v03 (OCHA admin boundaries; adm1/2/3 centroid lat/lon),true
3093,30930066,Mirzapur,,24.11805874,90.10720089,HDX cod-ab-bgd v03 (OCHA admin boundaries; adm1/2/3 centroid lat/lon),true
3093,30930076,Nagarpur,,24.05062667,89.87547056,HDX cod-ab-bgd v03 (OCHA admin boundaries; adm1/2/3 centroid lat/lon),true
3093,30930085,Sakhipur,,24.30626157,90.1748612,HDX cod-ab-bgd v03 (OCHA admin boundaries; adm1/2/3 centroid lat/lon),true
3093,30930095,Tangail Sadar,,24.25962298,89.86705123,HDX cod-ab-bgd v03 (OCHA admin boundaries; adm1/2/3 centroid lat/lon),true
4001,40010008,Bagerhat Sadar,,22.6761286,89.76267481,HDX cod-ab-bgd v03 (OCHA admin boundaries; adm1/2/3 centroid lat/lon),true
4001,40010014,Chitalmari,,22.81113978,89.86525389,HDX cod-ab-bgd v03 (OCHA admin boundaries; adm1/2/3 centroid lat/lon),true
4001,40010034,Fakirhat,,22.74261933,89.66610277,HDX cod-ab-bgd v03 (OCHA admin boundaries; adm1/2/3 centroid lat/lon),true
4001,40010038,Kachua,,22.65213817,89.87394519,HDX cod-ab-bgd v03 (OCHA admin boundaries; adm1/2/3 centroid lat/lon),true
4001,40010056,Mollahat,,22.8841779,89.77298864,HDX cod-ab-bgd v03 (OCHA admin boundaries; adm1/2/3 centroid lat/lon),true
4001,40010058,Mongla,,22.11653738,89.65966488,HDX cod-ab-bgd v03 (OCHA admin boundaries; adm1/2/3 centroid lat/lon),true
4001,40010060,Morelganj,,22.48332119,89.83422475,HDX cod-ab-bgd v03 (OCHA admin boundaries; adm1/2/3 centroid lat/lon),true
4001,40010073,Rampal,,22.59031343,89.65135819,HDX cod-ab-bgd v03 (OCHA admin boundaries; adm1/2/3 centroid lat/lon),true
4001,40010077,Sharankhola,,22.06308526,89.82172027,HDX cod-ab-bgd v03 (OCHA admin boundaries; adm1/2/3 centroid lat/lon),true
4018,40180007,Alamdanga,,23.72952308,88.90824581,HDX cod-ab-bgd v03 (OCHA admin boundaries; adm1/2/3 centroid lat/lon),true
4018,40180023,Chuadanga Sadar,,23.58945721,88.88544829,HDX cod-ab-bgd v03 (OCHA admin boundaries; adm1/2/3 centroid lat/lon),true
4018,40180031,Damurhuda,,23.59201621,88.73978174,HDX cod-ab-bgd v03 (OCHA admin boundaries; adm1/2/3 centroid lat/lon),true
4018,40180055,Jibannagar,,23.44297578,88.85026481,HDX cod-ab-bgd v03 (OCHA admin boundaries; adm1/2/3 centroid lat/lon),true
4041,40410004,Abhaynagar,,23.01770386,89.41968215,HDX cod-ab-bgd v03 (OCHA admin boundaries; adm1/2/3 centroid lat/lon),true
4041,40410009,Bagharpara,,23.24253049,89.3353901,HDX cod-ab-bgd v03 (OCHA admin boundaries; adm1/2/3 centroid lat/lon),true
4041,40410011,Chaugachha,,23.26325264,89.02328652,HDX cod-ab-bgd v03 (OCHA admin boundaries; adm1/2/3 centroid lat/lon),true
4041,40410047,Jashore Sadar,,23.18247843,89.21885642,HDX cod-ab-bgd v03 (OCHA admin boundaries; adm1/2/3 centroid lat/lon),true
4041,40410023,Jhikargachha,,23.06873072,89.05428478,HDX cod-ab-bgd v03 (OCHA admin boundaries; adm1/2/3 centroid lat/lon),true
4041,40410038,Keshabpur,,22.88037398,89.23152615,HDX cod-ab-bgd v03 (OCHA admin boundaries; adm1/2/3 centroid lat/lon),true
4041,40410061,Manirampur,,23.00645606,89.21986148,HDX cod-ab-bgd v03 (OCHA admin boundaries; adm1/2/3 centroid lat/lon),true
4041,40410090,Sharsha,,23.04479212,88.94109704,HDX cod-ab-bgd v03 (OCHA admin boundaries; adm1/2/3 centroid lat/lon),true
4044,40440014,Harinakundu,,23.64350865,89.07686969,HDX cod-ab-bgd v03 (OCHA admin boundaries; adm1/2/3 centroid lat/lon),true
4044,40440019,Jhenaidah Sadar,,23.51638682,89.15753517,HDX cod-ab-bgd v03 (OCHA admin boundaries; adm1/2/3 centroid lat/lon),true
4044,40440033,Kaliganj,,23.36959471,89.15233514,HDX cod-ab-bgd v03 (OCHA admin boundaries; adm1/2/3 centroid lat/lon),true
4044,40440042,Kotchandpur,,23.44497008,89.00141696,HDX cod-ab-bgd v03 (OCHA admin boundaries; adm1/2/3 centroid lat/lon),true
4044,40440071,Maheshpur,,23.32017163,88.85970006,HDX cod-ab-bgd v03 (OCHA admin boundaries; adm1/2/3 centroid lat/lon),true
4044,40440080,Shailkupa,,23.66362143,89.24261925,HDX cod-ab-bgd v03 (OCHA admin boundaries; adm1/2/3 centroid lat/lon),true
4047,40470012,Batiaghata,,22.71333993,89.51491534,HDX cod-ab-bgd v03 (OCHA admin boundaries; adm1/2/3 centroid lat/lon),true
4047,40470017,Dacope,,22.24203107,89.52637642,HDX cod-ab-bgd v03 (OCHA admin boundaries; adm1/2/3 centroid lat/lon),true
4047,40470040,Dighalia,,22.92151447,89.55377852,HDX cod-ab-bgd v03 (OCHA admin boundaries; adm1/2/3 centroid lat/lon),true
4047,40470030,Dumuria,,22.80576338,89.39802703,HDX cod-ab-bgd v03 (OCHA admin boundaries; adm1/2/3 centroid lat/lon),true
4047,40470053,Koyra,,22.07788302,89.3950567,HDX cod-ab-bgd v03 (OCHA admin boundaries; adm1/2/3 centroid lat/lon),true
4047,40470064,Paikgachha,,22.59006747,89.34020164,HDX cod-ab-bgd v03 (OCHA admin boundaries; adm1/2/3 centroid lat/lon),true
4047,40470069,Phultala,,22.94830901,89.45416809,HDX cod-ab-bgd v03 (OCHA admin boundaries; adm1/2/3 centroid lat/lon),true
4047,40470075,Rupsa,,22.81922745,89.63623389,HDX cod-ab-bgd v03 (OCHA admin boundaries; adm1/2/3 centroid lat/lon),true
4047,40470094,Terokhada,,22.91397441,89.65512323,HDX cod-ab-bgd v03 (OCHA admin boundaries; adm1/2/3 centroid lat/lon),true
4050,40500015,Bheramara,,24.0562809,88.98115536,HDX cod-ab-bgd v03 (OCHA admin boundaries; adm1/2/3 centroid lat/lon),true
4050,40500039,Daulatpur,,24.03425965,88.83553965,HDX cod-ab-bgd v03 (OCHA admin boundaries; adm1/2/3 centroid lat/lon),true
4050,40500063,Khoksa,,23.8108428,89.30040417,HDX cod-ab-bgd v03 (OCHA admin boundaries; adm1/2/3 centroid lat/lon),true
4050,40500071,Kumarkhali,,23.85817582,89.21033767,HDX cod-ab-bgd v03 (OCHA admin boundaries; adm1/2/3 centroid lat/lon),true
4050,40500079,Kushtia Sadar,,23.82447726,89.08978509,HDX cod-ab-bgd v03 (OCHA admin boundaries; adm1/2/3 centroid lat/lon),true
4050,40500094,Mirpur,,23.89715846,88.98617202,HDX cod-ab-bgd v03 (OCHA admin boundaries; adm1/2/3 centroid lat/lon),true
4055,40550057,Magura Sadar,,23.45188316,89.41242724,HDX cod-ab-bgd v03 (OCHA admin boundaries; adm1/2/3 centroid lat/lon),true
4055,40550066,Mohammadpur,,23.40009353,89.55069065,HDX cod-ab-bgd v03 (OCHA admin boundaries; adm1/2/3 centroid lat/lon),true
4055,40550085,Shalikha,,23.34769219,89.35926814,HDX cod-ab-bgd v03 (OCHA admin boundaries; adm1/2/3 centroid lat/lon),true
4055,40550095,Sreepur,,23.59766202,89.42412163,HDX cod-ab-bgd v03 (OCHA admin boundaries; adm1/2/3 centroid lat/lon),true
4057,40570047,Gangni,,23.85742395,88.77069557,HDX cod-ab-bgd v03 (OCHA admin boundaries; adm1/2/3 centroid lat/lon),true
4057,40570087,Meherpur Sadar,,23.7652793,88.6614059,HDX cod-ab-bgd v03 (OCHA admin boundaries; adm1/2/3 centroid lat/lon),true
4057,40570060,Mujibnagar,,23.66804173,88.62066855,HDX cod-ab-bgd v03 (OCHA admin boundaries; adm1/2/3 centroid lat/lon),true
4065,40650028,Kalia,,23.02924849,89.64163082,HDX cod-ab-bgd v03 (OCHA admin boundaries; adm1/2/3 centroid lat/lon),true
4065,40650052,Lohagara,,23.20424901,89.6241797,HDX cod-ab-bgd v03 (OCHA admin boundaries; adm1/2/3 centroid lat/lon),true
4065,40650076,Narail Sadar,,23.15493941,89.49509628,HDX cod-ab-bgd v03 (OCHA admin boundaries; adm1/2/3 centroid lat/lon),true
4087,40870004,Ashashuni,,22.51924727,89.18743219,HDX cod-ab-bgd v03 (OCHA admin boundaries; adm1/2/3 centroid lat/lon),true
4087,40870025,Debhata,,22.5965225,89.01346306,HDX cod-ab-bgd v03 (OCHA admin boundaries; adm1/2/3 centroid lat/lon),true
4087,40870043,Kalaroa,,22.88034049,89.03019097,HDX cod-ab-bgd v03 (OCHA admin boundaries; adm1/2/3 centroid lat/lon),true
4087,40870047,Kaliganj,,22.44743606,89.06238055,HDX cod-ab-bgd v03 (OCHA admin boundaries; adm1/2/3 centroid lat/lon),true
4087,40870082,Satkhira Sadar,,22.72028952,89.03826939,HDX cod-ab-bgd v03 (OCHA admin boundaries; adm1/2/3 centroid lat/lon),true
4087,40870086,Shyamnagar,,22.01217711,89.18060186,HDX cod-ab-bgd v03 (OCHA admin boundaries; adm1/2/3 centroid lat/lon),true
4087,40870090,Tala,,22.73989638,89.21059096,HDX cod-ab-bgd v03 (OCHA admin boundaries; adm1/2/3 centroid lat/lon),true
5010,50100006,Adamdighi,,24.80008982,89.05968137,HDX cod-ab-bgd v03 (OCHA admin boundaries; adm1/2/3 centroid lat/lon),true
5010,50100020,Bogura Sadar,,24.89539917,89.35605547,HDX cod-ab-bgd v03 (OCHA admin boundaries; adm1/2/3 centroid lat/lon),true
5010,50100027,Dhunat,,24.68260297,89.55015673,HDX cod-ab-bgd v03 (OCHA admin boundaries; adm1/2/3 centroid lat/lon),true
5010,50100033,Dupchachia,,24.88236608,89.13984044,HDX cod-ab-bgd v03 (OCHA admin boundaries; adm1/2/3 centroid lat/lon),true
5010,50100040,Gabtali,,24.8872405,89.46482964,HDX cod-ab-bgd v03 (OCHA admin boundaries; adm1/2/3 centroid lat/lon),true
5010,50100054,Kahaloo,,24.83250864,89.25142354,HDX cod-ab-bgd v03 (OCHA admin boundaries; adm1/2/3 centroid lat/lon),true
5010,50100067,Nandigram,,24.68118488,89.22715695,HDX cod-ab-bgd v03 (OCHA admin boundaries; adm1/2/3 centroid lat/lon),true
5010,50100081,Sariakandi,,24.8789082,89.61656334,HDX cod-ab-bgd v03 (OCHA admin boundaries; adm1/2/3 centroid lat/lon),true
5010,50100085,Shajahanpur,,24.76021686,89.3755597,HDX cod-ab-bgd v03 (OCHA admin boundaries; adm1/2/3 centroid lat/lon),true
5010,50100088,Sherpur,,24.62867573,89.42257132,HDX cod-ab-bgd v03 (OCHA admin boundaries; adm1/2/3 centroid lat/lon),true
5010,50100094,Shibganj,,25.01683461,89.30649345,HDX cod-ab-bgd v03 (OCHA admin boundaries; adm1/2/3 centroid lat/lon),true
5010,50100095,Sonatala,,24.99736498,89.51417967,HDX cod-ab-bgd v03 (OCHA admin boundaries; adm1/2/3 centroid lat/lon),true
5070,50700018,Bholahat,,24.89721664,88.20949302,HDX cod-ab-bgd v03 (OCHA admin boundaries; adm1/2/3 centroid lat/lon),true
5070,50700066,Chapainawabganj Sadar,,24.56534241,88.25806499,HDX cod-ab-bgd v03 (OCHA admin boundaries; adm1/2/3 centroid lat/lon),true
5070,50700037,Gomastapur,,24.85857325,88.35544732,HDX cod-ab-bgd v03 (OCHA admin boundaries; adm1/2/3 centroid lat/lon),true
5070,50700056,Nachole,,24.72706303,88.3963179,HDX cod-ab-bgd v03 (OCHA admin boundaries; adm1/2/3 centroid lat/lon),true
5070,50700088,Shibganj,,24.70501636,88.1548792,HDX cod-ab-bgd v03 (OCHA admin boundaries; adm1/2/3 centroid lat/lon),true
5038,50380013,Akkelpur,,24.93348532,89.04202677,HDX cod-ab-bgd v03 (OCHA admin boundaries; adm1/2/3 centroid lat/lon),true
5038,50380047,Joypurhat Sadar,,25.10765486,89.02145393,HDX cod-ab-bgd v03 (OCHA admin boundaries; adm1/2/3 centroid lat/lon),true
5038,50380058,Kalai,,25.07808103,89.19883986,HDX cod-ab-bgd v03 (OCHA admin boundaries; adm1/2/3 centroid lat/lon),true
5038,50380061,Khetlal,,25.02338997,89.11766883,HDX cod-ab-bgd v03 (OCHA admin boundaries; adm1/2/3 centroid lat/lon),true
5038,50380074,Panchbibi,,25.20498364,89.07186488,HDX cod-ab-bgd v03 (OCHA admin boundaries; adm1/2/3 centroid lat/lon),true
5064,50640003,Atrai,,24.62478302,88.98907491,HDX cod-ab-bgd v03 (OCHA admin boundaries; adm1/2/3 centroid lat/lon),true
5064,50640006,Badalgachhi,,24.96745176,88.94253758,HDX cod-ab-bgd v03 (OCHA admin boundaries; adm1/2/3 centroid lat/lon),true
5064,50640028,Dhamoirhat,,25.13051337,88.82415793,HDX cod-ab-bgd v03 (OCHA admin boundaries; adm1/2/3 centroid lat/lon),true
5064,50640050,Mahadebpur,,24.9218421,88.76365987,HDX cod-ab-bgd v03 (OCHA admin boundaries; adm1/2/3 centroid lat/lon),true
5064,50640047,Manda,,24.74630479,88.71198704,HDX cod-ab-bgd v03 (OCHA admin boundaries; adm1/2/3 centroid lat/lon),true
5064,50640060,Naogaon Sadar,,24.81201412,88.89803358,HDX cod-ab-bgd v03 (OCHA admin boundaries; adm1/2/3 centroid lat/lon),true
5064,50640069,Niamatpur,,24.83045479,88.55021021,HDX cod-ab-bgd v03 (OCHA admin boundaries; adm1/2/3 centroid lat/lon),true
5064,50640075,Patnitala,,25.07753255,88.71459304,HDX cod-ab-bgd v03 (OCHA admin boundaries; adm1/2/3 centroid lat/lon),true
5064,50640079,Porsha,,24.99497575,88.51736573,HDX cod-ab-bgd v03 (OCHA admin boundaries; adm1/2/3 centroid lat/lon),true
5064,50640085,Raninagar,,24.71172597,89.02014859,HDX cod-ab-bgd v03 (OCHA admin boundaries; adm1/2/3 centroid lat/lon),true
5064,50640086,Sapahar,,25.11935869,88.53071648,HDX cod-ab-bgd v03 (OCHA admin boundaries; adm1/2/3 centroid lat/lon),true
5069,50690009,Bagatipara,,24.31324989,88.94790182,HDX cod-ab-bgd v03 (OCHA admin boundaries; adm1/2/3 centroid lat/lon),true
5069,50690015,Baraigram,,24.27323686,89.14997336,HDX cod-ab-bgd v03 (OCHA admin boundaries; adm1/2/3 centroid lat/lon),true
5069,50690041,Gurudaspur,,24.37372702,89.20538766,HDX cod-ab-bgd v03 (OCHA admin boundaries; adm1/2/3 centroid lat/lon),true
5069,50690044,Lalpur,,24.1997875,88.98571935,HDX cod-ab-bgd v03 (OCHA admin boundaries; adm1/2/3 centroid lat/lon),true
5069,50690055,Naldanga,,24.50600164,88.97560756,HDX cod-ab-bgd v03 (OCHA admin boundaries; adm1/2/3 centroid lat/lon),true
5069,50690063,Natore Sadar,,24.39709793,88.98996421,HDX cod-ab-bgd v03 (OCHA admin boundaries; adm1/2/3 centroid lat/lon),true
5069,50690091,Singra,,24.52440832,89.18430739,HDX cod-ab-bgd v03 (OCHA admin boundaries; adm1/2/3 centroid lat/lon),true
5076,50760005,Atgharia,,24.10741607,89.28274572,HDX cod-ab-bgd v03 (OCHA admin boundaries; adm1/2/3 centroid lat/lon),true
5076,50760016,Bera,,23.94251893,89.65718472,HDX cod-ab-bgd v03 (OCHA admin boundaries; adm1/2/3 centroid lat/lon),true
5076,50760019,Bhangura,,24.23892741,89.39638738,HDX cod-ab-bgd v03 (OCHA admin boundaries; adm1/2/3 centroid lat/lon),true
5076,50760022,Chatmohar,,24.22410244,89.30321873,HDX cod-ab-bgd v03 (OCHA admin boundaries; adm1/2/3 centroid lat/lon),true
5076,50760033,Faridpur,,24.15813002,89.44947783,HDX cod-ab-bgd v03 (OCHA admin boundaries; adm1/2/3 centroid lat/lon),true
5076,50760039,Ishwardi,,24.08017137,89.09433764,HDX cod-ab-bgd v03 (OCHA admin boundaries; adm1/2/3 centroid lat/lon),true
5076,50760055,Pabna Sadar,,23.99489442,89.28112247,HDX cod-ab-bgd v03 (OCHA admin boundaries; adm1/2/3 centroid lat/lon),true
5076,50760072,Santhia,,24.04342759,89.51589956,HDX cod-ab-bgd v03 (OCHA admin boundaries; adm1/2/3 centroid lat/lon),true
5076,50760083,Sujanagar,,23.89782952,89.51401384,HDX cod-ab-bgd v03 (OCHA admin boundaries; adm1/2/3 centroid lat/lon),true
5081,50810010,Bagha,,24.20594533,88.833999,HDX cod-ab-bgd v03 (OCHA admin boundaries; adm1/2/3 centroid lat/lon),true
5081,50810012,Bagmara,,24.59364101,88.80923132,HDX cod-ab-bgd v03 (OCHA admin boundaries; adm1/2/3 centroid lat/lon),true
5081,50810025,Charghat,,24.30119249,88.77510723,HDX cod-ab-bgd v03 (OCHA admin boundaries; adm1/2/3 centroid lat/lon),true
5081,50810031,Durgapur,,24.46827737,88.76089517,HDX cod-ab-bgd v03 (OCHA admin boundaries; adm1/2/3 centroid lat/lon),true
5081,50810034,Godagari,,24.48314948,88.41492417,HDX cod-ab-bgd v03 (OCHA admin boundaries; adm1/2/3 centroid lat/lon),true
5081,50810053,Mohanpur,,24.55475052,88.64078614,HDX cod-ab-bgd v03 (OCHA admin boundaries; adm1/2/3 centroid lat/lon),true
5081,50810072,Paba,,24.33813369,88.59074395,HDX cod-ab-bgd v03 (OCHA admin boundaries; adm1/2/3 centroid lat/lon),true
5081,50810082,Puthia,,24.41148732,88.82735743,HDX cod-ab-bgd v03 (OCHA admin boundaries; adm1/2/3 centroid lat/lon),true
5081,50810094,Tanore,,24.61985872,88.53090746,HDX cod-ab-bgd v03 (OCHA admin boundaries; adm1/2/3 centroid lat/lon),true
5088,50880011,Belkuchi,,24.29793,89.70147902,HDX cod-ab-bgd v03 (OCHA admin boundaries; adm1/2/3 centroid lat/lon),true
5088,50880027,Chouhali,,24.13944642,89.75743944,HDX cod-ab-bgd v03 (OCHA admin boundaries; adm1/2/3 centroid lat/lon),true
5088,50880044,Kamarkhanda,,24.37750815,89.64226021,HDX cod-ab-bgd v03 (OCHA admin boundaries; adm1/2/3 centroid lat/lon),true
5088,50880050,Kazipur,,24.67158952,89.68890716,HDX cod-ab-bgd v03 (OCHA admin boundaries; adm1/2/3 centroid lat/lon),true
5088,50880061,Rayganj,,24.49221055,89.51526376,HDX cod-ab-bgd v03 (OCHA admin boundaries; adm1/2/3 centroid lat/lon),true
5088,50880067,Shahjadpur,,24.16297216,89.63072075,HDX cod-ab-bgd v03 (OCHA admin boundaries; adm1/2/3 centroid lat/lon),true
5088,50880078,Sirajganj Sadar,,24.4942697,89.68960995,HDX cod-ab-bgd v03 (OCHA admin boundaries; adm1/2/3 centroid lat/lon),true
5088,50880089,Tarash,,24.44537456,89.35780269,HDX cod-ab-bgd v03 (OCHA admin boundaries; adm1/2/3 centroid lat/lon),true
5088,50880094,Ullapara,,24.32784904,89.51823326,HDX cod-ab-bgd v03 (OCHA admin boundaries; adm1/2/3 centroid lat/lon),true
1004,10040009,Amtali,,22.14650328,90.27003676,HDX cod-ab-bgd v03 (OCHA admin boundaries; adm1/2/3 centroid lat/lon),true
1004,10040019,Bamna,,22.27232966,90.05729578,HDX cod-ab-bgd v03 (OCHA admin boundaries; adm1/2/3 centroid lat/lon),true
1004,10040028,Barguna Sadar,,22.12684969,90.10169624,HDX cod-ab-bgd v03 (OCHA admin boundaries; adm1/2/3 centroid lat/lon),true
1004,10040047,Betagi,,22.34818523,90.14935951,HDX cod-ab-bgd v03 (OCHA admin boundaries; adm1/2/3 centroid lat/lon),true
1004,10040085,Patharghata,,22.08967959,89.95942885,HDX cod-ab-bgd v03 (OCHA admin boundaries; adm1/2/3 centroid lat/lon),true
1004,10040090,Taltali,,21.96759531,90.10058791,HDX cod-ab-bgd v03 (OCHA admin boundaries; adm1/2/3 centroid lat/lon),true
1006,10060002,Agailjhara,,22.9676431,90.14047232,HDX cod-ab-bgd v03 (OCHA admin boundaries; adm1/2/3 centroid lat/lon),true
1006,10060003,Babuganj,,22.82461621,90.31272617,HDX cod-ab-bgd v03 (OCHA admin boundaries; adm1/2/3 centroid lat/lon),true
1006,10060007,Bakerganj,,22.55478164,90.39007461,HDX cod-ab-bgd v03 (OCHA admin boundaries; adm1/2/3 centroid lat/lon),true
1006,10060010,Banaripara,,22.81118715,90.12916707,HDX cod-ab-bgd v03 (OCHA admin boundaries; adm1/2/3 centroid lat/lon),true
1006,10060051,Barishal Sadar (Kotwali),,22.71481106,90.40960035,HDX cod-ab-bgd v03 (OCHA admin boundaries; adm1/2/3 centroid lat/lon),true
1006,10060032,Gaurnadi,,22.96981456,90.24285253,HDX cod-ab-bgd v03 (OCHA admin boundaries; adm1/2/3 centroid lat/lon),true
1006,10060036,Hijla,,22.9628024,90.55182414,HDX cod-ab-bgd v03 (OCHA admin boundaries; adm1/2/3 centroid lat/lon),true
1006,10060062,Mehendiganj,,22.81597145,90.51901486,HDX cod-ab-bgd v03 (OCHA admin boundaries; adm1/2/3 centroid lat/lon),true
1006,10060069,Muladi,,22.95514912,90.37599974,HDX cod-ab-bgd v03 (OCHA admin boundaries; adm1/2/3 centroid lat/lon),true
1006,10060094,Ujirpur,,22.86574877,90.16497331,HDX cod-ab-bgd v03 (OCHA admin boundaries; adm1/2/3 centroid lat/lon),true
1009,10090018,Bhola Sadar,,22.70723511,90.6305403,HDX cod-ab-bgd v03 (OCHA admin boundaries; adm1/2/3 centroid lat/lon),true
1009,10090021,Borhanuddin,,22.48540881,90.71537999,HDX cod-ab-bgd v03 (OCHA admin boundaries; adm1/2/3 centroid lat/lon),true
1009,10090025,Charfasson,,22.04486186,90.72459883,HDX cod-ab-bgd v03 (OCHA admin boundaries; adm1/2/3 centroid lat/lon),true
1009,10090029,Daulatkhan,,22.6420874,90.74547893,HDX cod-ab-bgd v03 (OCHA admin boundaries; adm1/2/3 centroid lat/lon),true
1009,10090054,Lalmohan,,22.30234352,90.77136962,HDX cod-ab-bgd v03 (OCHA admin boundaries; adm1/2/3 centroid lat/lon),true
1009,10090065,Monpura,,22.22216484,90.94308102,HDX cod-ab-bgd v03 (OCHA admin boundaries; adm1/2/3 centroid lat/lon),true
1009,10090091,Tazumuddin,,22.45254839,90.85981809,HDX cod-ab-bgd v03 (OCHA admin boundaries; adm1/2/3 centroid lat/lon),true
1042,10420040,Jhalokathi Sadar,,22.67977942,90.19275327,HDX cod-ab-bgd v03 (OCHA admin boundaries; adm1/2/3 centroid lat/lon),true
1042,10420043,Kanthalia,,22.41941257,90.10206117,HDX cod-ab-bgd v03 (OCHA admin boundaries; adm1/2/3 centroid lat/lon),true
1042,10420073,Nalchhity,,22.6010276,90.27149045,HDX cod-ab-bgd v03 (OCHA admin boundaries; adm1/2/3 centroid lat/lon),true
1042,10420084,Rajapur,,22.54965797,90.13094414,HDX cod-ab-bgd v03 (OCHA admin boundaries; adm1/2/3 centroid lat/lon),true
1078,10780038,Bauphal,,22.43734658,90.54648458,HDX cod-ab-bgd v03 (OCHA admin boundaries; adm1/2/3 centroid lat/lon),true
1078,10780052,Dashmina,,22.25076067,90.55428617,HDX cod-ab-bgd v03 (OCHA admin boundaries; adm1/2/3 centroid lat/lon),true
1078,10780055,Dumki,,22.44825458,90.37305019,HDX cod-ab-bgd v03 (OCHA admin boundaries; adm1/2/3 centroid lat/lon),true
1078,10780057,Galachipa,,22.14780512,90.46051826,HDX cod-ab-bgd v03 (OCHA admin boundaries; adm1/2/3 centroid lat/lon),true
1078,10780066,Kalapara,,21.93370908,90.22168667,HDX cod-ab-bgd v03 (OCHA admin boundaries; adm1/2/3 centroid lat/lon),true
1078,10780076,Mirzaganj,,22.35550943,90.21740561,HDX cod-ab-bgd v03 (OCHA admin boundaries; adm1/2/3 centroid lat/lon),true
1078,10780095,Patuakhali Sadar,,22.33453254,90.32931509,HDX cod-ab-bgd v03 (OCHA admin boundaries; adm1/2/3 centroid lat/lon),true
1078,10780097,Rangabali,,21.93161968,90.43046083,HDX cod-ab-bgd v03 (OCHA admin boundaries; adm1/2/3 centroid lat/lon),true
1079,10790014,Bhandaria,,22.45182375,90.01974753,HDX cod-ab-bgd v03 (OCHA admin boundaries; adm1/2/3 centroid lat/lon),true
1079,10790090,Indurkani,,22.46620998,89.96524888,HDX cod-ab-bgd v03 (OCHA admin boundaries; adm1/2/3 centroid lat/lon),true
1079,10790047,Kawkhali,,22.60625111,90.05726044,HDX cod-ab-bgd v03 (OCHA admin boundaries; adm1/2/3 centroid lat/lon),true
1079,10790058,Mathbaria,,22.2829089,89.94927971,HDX cod-ab-bgd v03 (OCHA admin boundaries; adm1/2/3 centroid lat/lon),true
1079,10790076,Nazirpur,,22.76993652,89.97482465,HDX cod-ab-bgd v03 (OCHA admin boundaries; adm1/2/3 centroid lat/lon),true
1079,10790087,Nesarabad (Swarupkathi),,22.72142509,90.08564362,HDX cod-ab-bgd v03 (OCHA admin boundaries; adm1/2/3 centroid lat/lon),true
1079,10790080,Pirojpur Sadar,,22.60920201,89.97934666,HDX cod-ab-bgd v03 (OCHA admin boundaries; adm1/2/3 centroid lat/lon),true
4539,45390007,Bakshiganj,,25.2144324,89.85216642,HDX cod-ab-bgd v03 (OCHA admin boundaries; adm1/2/3 centroid lat/lon),true
4539,45390015,Dewanganj,,25.2679709,89.76630949,HDX cod-ab-bgd v03 (OCHA admin boundaries; adm1/2/3 centroid lat/lon),true
4539,45390029,Islampur,,25.07564439,89.76306354,HDX cod-ab-bgd v03 (OCHA admin boundaries; adm1/2/3 centroid lat/lon),true
4539,45390036,Jamalpur Sadar,,24.84275893,90.01524092,HDX cod-ab-bgd v03 (OCHA admin boundaries; adm1/2/3 centroid lat/lon),true
4539,45390058,Madarganj,,24.88510913,89.74178896,HDX cod-ab-bgd v03 (OCHA admin boundaries; adm1/2/3 centroid lat/lon),true
4539,45390061,Melandaha,,24.95599302,89.82798691,HDX cod-ab-bgd v03 (OCHA admin boundaries; adm1/2/3 centroid lat/lon),true
4539,45390085,Sarishabari,,24.72155439,89.83061407,HDX cod-ab-bgd v03 (OCHA admin boundaries; adm1/2/3 centroid lat/lon),true
4561,45610013,Bhaluka,,24.38161662,90.35390162,HDX cod-ab-bgd v03 (OCHA admin boundaries; adm1/2/3 centroid lat/lon),true
4561,45610016,Dhobaura,,25.10122351,90.52558027,HDX cod-ab-bgd v03 (OCHA admin boundaries; adm1/2/3 centroid lat/lon),true
4561,45610020,Fulbaria,,24.58684471,90.25615763,HDX cod-ab-bgd v03 (OCHA admin boundaries; adm1/2/3 centroid lat/lon),true
4561,45610081,Fulpur,,24.95293883,90.35294374,HDX cod-ab-bgd v03 (OCHA admin boundaries; adm1/2/3 centroid lat/lon),true
4561,45610022,Gafargaon,,24.39365628,90.54992728,HDX cod-ab-bgd v03 (OCHA admin boundaries; adm1/2/3 centroid lat/lon),true
4561,45610023,Gouripur,,24.75653851,90.58614903,HDX cod-ab-bgd v03 (OCHA admin boundaries; adm1/2/3 centroid lat/lon),true
4561,45610024,Haluaghat,,25.08413627,90.35208288,HDX cod-ab-bgd v03 (OCHA admin boundaries; adm1/2/3 centroid lat/lon),true
4561,45610031,Ishwarganj,,24.64475383,90.59950915,HDX cod-ab-bgd v03 (OCHA admin boundaries; adm1/2/3 centroid lat/lon),true
4561,45610065,Muktagachha,,24.74426562,90.20554409,HDX cod-ab-bgd v03 (OCHA admin boundaries; adm1/2/3 centroid lat/lon),true
4561,45610052,Mymensingh Sadar,,24.84613696,90.26415422,HDX cod-ab-bgd v03 (OCHA admin boundaries; adm1/2/3 centroid lat/lon),true
4561,45610072,Nandail,,24.54947402,90.67677784,HDX cod-ab-bgd v03 (OCHA admin boundaries; adm1/2/3 centroid lat/lon),true
4561,45610088,Tarakanda,,24.86413144,90.46339735,HDX cod-ab-bgd v03 (OCHA admin boundaries; adm1/2/3 centroid lat/lon),true
4561,45610094,Trishal,,24.56370418,90.41044074,HDX cod-ab-bgd v03 (OCHA admin boundaries; adm1/2/3 centroid lat/lon),true
4572,45720004,Atpara,,24.79395945,90.87706885,HDX cod-ab-bgd v03 (OCHA admin boundaries; adm1/2/3 centroid lat/lon),true
4572,45720009,Barhatta,,24.92234073,90.88506443,HDX cod-ab-bgd v03 (OCHA admin boundaries; adm1/2/3 centroid lat/lon),true
4572,45720018,Durgapur,,25.0890702,90.6833433,HDX cod-ab-bgd v03 (OCHA admin boundaries; adm1/2/3 centroid lat/lon),true
4572,45720040,Kalmakanda,,25.07759048,90.85761154,HDX cod-ab-bgd v03 (OCHA admin boundaries; adm1/2/3 centroid lat/lon),true
4572,45720047,Kendua,,24.67804297,90.80216919,HDX cod-ab-bgd v03 (OCHA admin boundaries; adm1/2/3 centroid lat/lon),true
4572,45720038,Khaliajuri,,24.70497783,91.12181656,HDX cod-ab-bgd v03 (OCHA admin boundaries; adm1/2/3 centroid lat/lon),true
4572,45720056,Madan,,24.67829123,90.96698729,HDX cod-ab-bgd v03 (OCHA admin boundaries; adm1/2/3 centroid lat/lon),true
4572,45720063,Mohanganj,,24.827911,91.02336058,HDX cod-ab-bgd v03 (OCHA admin boundaries; adm1/2/3 centroid lat/lon),true
4572,45720074,Netrakona Sadar,,24.88718661,90.73811233,HDX cod-ab-bgd v03 (OCHA admin boundaries; adm1/2/3 centroid lat/lon),true
4572,45720083,Purbadhala,,24.93402036,90.60294175,HDX cod-ab-bgd v03 (OCHA admin boundaries; adm1/2/3 centroid lat/lon),true
4589,45890037,Jhenaigati,,25.18241144,90.05414329,HDX cod-ab-bgd v03 (OCHA admin boundaries; adm1/2/3 centroid lat/lon),true
4589,45890067,Nakla,,24.95798125,90.18478482,HDX cod-ab-bgd v03 (OCHA admin boundaries; adm1/2/3 centroid lat/lon),true
4589,45890070,Nalitabari,,25.11729884,90.18440043,HDX cod-ab-bgd v03 (OCHA admin boundaries; adm1/2/3 centroid lat/lon),true
4589,45890088,Sherpur Sadar,,24.99084023,90.02163529,HDX cod-ab-bgd v03 (OCHA admin boundaries; adm1/2/3 centroid lat/lon),true
4589,45890090,Sreebardi,,25.16484943,89.95713439,HDX cod-ab-bgd v03 (OCHA admin boundaries; adm1/2/3 centroid lat/lon),true
5527,55270010,Birampur,,25.3799376,88.96340196,HDX cod-ab-bgd v03 (OCHA admin boundaries; adm1/2/3 centroid lat/lon),true
5527,55270012,Birganj,,25.92942183,88.62578221,HDX cod-ab-bgd v03 (OCHA admin boundaries; adm1/2/3 centroid lat/lon),true
5527,55270017,Birol,,25.6468912,88.54722616,HDX cod-ab-bgd v03 (OCHA admin boundaries; adm1/2/3 centroid lat/lon),true
5527,55270021,Bochaganj,,25.786215,88.45332443,HDX cod-ab-bgd v03 (OCHA admin boundaries; adm1/2/3 centroid lat/lon),true
5527,55270030,Chirirbandar,,25.666732,88.78325675,HDX cod-ab-bgd v03 (OCHA admin boundaries; adm1/2/3 centroid lat/lon),true
5527,55270064,Dinajpur Sadar,,25.60820914,88.67571762,HDX cod-ab-bgd v03 (OCHA admin boundaries; adm1/2/3 centroid lat/lon),true
5527,55270038,Fulbari,,25.47137881,88.90073652,HDX cod-ab-bgd v03 (OCHA admin boundaries; adm1/2/3 centroid lat/lon),true
5527,55270043,Ghoraghat,,25.28733313,89.21475129,HDX cod-ab-bgd v03 (OCHA admin boundaries; adm1/2/3 centroid lat/lon),true
5527,55270047,Hakimpur,,25.29276704,89.06120429,HDX cod-ab-bgd v03 (OCHA admin boundaries; adm1/2/3 centroid lat/lon),true
5527,55270056,Kaharole,,25.80245749,88.5985003,HDX cod-ab-bgd v03 (OCHA admin boundaries; adm1/2/3 centroid lat/lon),true
5527,55270060,Khansama,,25.87170113,88.76460004,HDX cod-ab-bgd v03 (OCHA admin boundaries; adm1/2/3 centroid lat/lon),true
5527,55270069,Nababganj,,25.42088957,89.09055668,HDX cod-ab-bgd v03 (OCHA admin boundaries; adm1/2/3 centroid lat/lon),true
5527,55270077,Parbatipur,,25.61976841,88.92296933,HDX cod-ab-bgd v03 (OCHA admin boundaries; adm1/2/3 centroid lat/lon),true
5532,55320021,Fulchhari,,25.25378546,89.65325858,HDX cod-ab-bgd v03 (OCHA admin boundaries; adm1/2/3 centroid lat/lon),true
5532,55320024,Gaibandha Sadar,,25.35001584,89.56561501,HDX cod-ab-bgd v03 (OCHA admin boundaries; adm1/2/3 centroid lat/lon),true
5532,55320030,Gobindaganj,,25.15773216,89.36972742,HDX cod-ab-bgd v03 (OCHA admin boundaries; adm1/2/3 centroid lat/lon),true
5532,55320067,Palashbari,,25.26506469,89.39175132,HDX cod-ab-bgd v03 (OCHA admin boundaries; adm1/2/3 centroid lat/lon),true
5532,55320082,Sadullapur,,25.39485471,89.42568996,HDX cod-ab-bgd v03 (OCHA admin boundaries; adm1/2/3 centroid lat/lon),true
5532,55320088,Saghata,,25.1251917,89.56345058,HDX cod-ab-bgd v03 (OCHA admin boundaries; adm1/2/3 centroid lat/lon),true
5532,55320091,Sundarganj,,25.51016336,89.56182562,HDX cod-ab-bgd v03 (OCHA admin boundaries; adm1/2/3 centroid lat/lon),true
5549,55490006,Bhurungamari,,26.11552584,89.69340888,HDX cod-ab-bgd v03 (OCHA admin boundaries; adm1/2/3 centroid lat/lon),true
5549,55490009,Chilmari,,25.56393785,89.71820959,HDX cod-ab-bgd v03 (OCHA admin boundaries; adm1/2/3 centroid lat/lon),true
5549,55490052,Kurigram Sadar,,25.82725828,89.69146386,HDX cod-ab-bgd v03 (OCHA admin boundaries; adm1/2/3 centroid lat/lon),true
5549,55490061,Nageshwari,,25.95992217,89.73954435,HDX cod-ab-bgd v03 (OCHA admin boundaries; adm1/2/3 centroid lat/lon),true
5549,55490018,Phulbari,,25.94768997,89.571724,HDX cod-ab-bgd v03 (OCHA admin boundaries; adm1/2/3 centroid lat/lon),true
5549,55490077,Rajarhat,,25.78741372,89.54159745,HDX cod-ab-bgd v03 (OCHA admin boundaries; adm1/2/3 centroid lat/lon),true
5549,55490008,Rajibpur,,25.44429196,89.76420813,HDX cod-ab-bgd v03 (OCHA admin boundaries; adm1/2/3 centroid lat/lon),true
5549,55490079,Roumari,,25.59306707,89.82808122,HDX cod-ab-bgd v03 (OCHA admin boundaries; adm1/2/3 centroid lat/lon),true
5549,55490094,Ulipur,,25.68970821,89.66873442,HDX cod-ab-bgd v03 (OCHA admin boundaries; adm1/2/3 centroid lat/lon),true
5552,55520002,Aditmari,,25.94295908,89.36819323,HDX cod-ab-bgd v03 (OCHA admin boundaries; adm1/2/3 centroid lat/lon),true
5552,55520033,Hatibandha,,26.12026719,89.1436277,HDX cod-ab-bgd v03 (OCHA admin boundaries; adm1/2/3 centroid lat/lon),true
5552,55520039,Kaliganj,,25.98561274,89.24170563,HDX cod-ab-bgd v03 (OCHA admin boundaries; adm1/2/3 centroid lat/lon),true
5552,55520055,Lalmonirhat Sadar,,25.87870187,89.4533625,HDX cod-ab-bgd v03 (OCHA admin boundaries; adm1/2/3 centroid lat/lon),true
5552,55520070,Patgram,,26.34342513,89.01951962,HDX cod-ab-bgd v03 (OCHA admin boundaries; adm1/2/3 centroid lat/lon),true
5573,55730012,Dimla,,26.17310954,88.9738563,HDX cod-ab-bgd v03 (OCHA admin boundaries; adm1/2/3 centroid lat/lon),true
5573,55730015,Domar,,26.15958625,88.82543146,HDX cod-ab-bgd v03 (OCHA admin boundaries; adm1/2/3 centroid lat/lon),true
5573,55730036,Jaldhaka,,26.03119206,88.99362175,HDX cod-ab-bgd v03 (OCHA admin boundaries; adm1/2/3 centroid lat/lon),true
5573,55730045,Kishoreganj,,25.89799915,89.03314087,HDX cod-ab-bgd v03 (OCHA admin boundaries; adm1/2/3 centroid lat/lon),true
5573,55730064,Nilphamari Sadar,,25.94204608,88.85474141,HDX cod-ab-bgd v03 (OCHA admin boundaries; adm1/2/3 centroid lat/lon),true
5573,55730085,Saidpur,,25.80367107,88.92050498,HDX cod-ab-bgd v03 (OCHA admin boundaries; adm1/2/3 centroid lat/lon),true
5577,55770004,Atowari,,26.25081731,88.42459873,HDX cod-ab-bgd v03 (OCHA admin boundaries; adm1/2/3 centroid lat/lon),true
5577,55770025,Boda,,26.23502554,88.61881927,HDX cod-ab-bgd v03 (OCHA admin boundaries; adm1/2/3 centroid lat/lon),true
5577,55770034,Debiganj,,26.12695233,88.7173732,HDX cod-ab-bgd v03 (OCHA admin boundaries; adm1/2/3 centroid lat/lon),true
5577,55770073,Panchagarh Sadar,,26.36478029,88.591095,HDX cod-ab-bgd v03 (OCHA admin boundaries; adm1/2/3 centroid lat/lon),true
5577,55770090,Tentulia,,26.51251074,88.43057717,HDX cod-ab-bgd v03 (OCHA admin boundaries; adm1/2/3 centroid lat/lon),true
5585,55850003,Badarganj,,25.66776884,89.05492385,HDX cod-ab-bgd v03 (OCHA admin boundaries; adm1/2/3 centroid lat/lon),true
5585,55850027,Gangachara,,25.88015073,89.20096031,HDX cod-ab-bgd v03 (OCHA admin boundaries; adm1/2/3 centroid lat/lon),true
5585,55850042,Kaunia,,25.76638064,89.39371603,HDX cod-ab-bgd v03 (OCHA admin boundaries; adm1/2/3 centroid lat/lon),true
5585,55850058,Mithapukur,,25.57212022,89.26091919,HDX cod-ab-bgd v03 (OCHA admin boundaries; adm1/2/3 centroid lat/lon),true
5585,55850073,Pirgachha,,25.66502233,89.422271,HDX cod-ab-bgd v03 (OCHA admin boundaries; adm1/2/3 centroid lat/lon),true
5585,55850076,Pirganj,,25.42579893,89.27470198,HDX cod-ab-bgd v03 (OCHA admin boundaries; adm1/2/3 centroid lat/lon),true
5585,55850049,Rangpur Sadar,,25.75121974,89.15060773,HDX cod-ab-bgd v03 (OCHA admin boundaries; adm1/2/3 centroid lat/lon),true
5585,55850092,Taraganj,,25.78336557,89.03331225,HDX cod-ab-bgd v03 (OCHA admin boundaries; adm1/2/3 centroid lat/lon),true
5594,55940008,Baliadangi,,26.10819674,88.2634769,HDX cod-ab-bgd v03 (OCHA admin boundaries; adm1/2/3 centroid lat/lon),true
5594,55940051,Haripur,,25.87881874,88.15452214,HDX cod-ab-bgd v03 (OCHA admin boundaries; adm1/2/3 centroid lat/lon),true
5594,55940082,Pirganj,,25.84245298,88.36790187,HDX cod-ab-bgd v03 (OCHA admin boundaries; adm1/2/3 centroid lat/lon),true
5594,55940086,Ranishankail,,25.94076753,88.24587287,HDX cod-ab-bgd v03 (OCHA admin boundaries; adm1/2/3 centroid lat/lon),true
5594,55940094,Thakurgaon Sadar,,26.07173216,88.46375411,HDX cod-ab-bgd v03 (OCHA admin boundaries; adm1/2/3 centroid lat/lon),true
6036,60360002,Ajmiriganj,,24.55351135,91.28139364,HDX cod-ab-bgd v03 (OCHA admin boundaries; adm1/2/3 centroid lat/lon),true
6036,60360005,Bahubal,,24.36138845,91.54463994,HDX cod-ab-bgd v03 (OCHA admin boundaries; adm1/2/3 centroid lat/lon),true
6036,60360011,Baniachong,,24.49883031,91.36685634,HDX cod-ab-bgd v03 (OCHA admin boundaries; adm1/2/3 centroid lat/lon),true
6036,60360026,Chunarughat,,24.18000387,91.51582163,HDX cod-ab-bgd v03 (OCHA admin boundaries; adm1/2/3 centroid lat/lon),true
6036,60360044,Habiganj Sadar,,24.35093059,91.41578016,HDX cod-ab-bgd v03 (OCHA admin boundaries; adm1/2/3 centroid lat/lon),true
6036,60360068,Lakhai,,24.29851486,91.26089226,HDX cod-ab-bgd v03 (OCHA admin boundaries; adm1/2/3 centroid lat/lon),true
6036,60360071,Madhabpur,,24.12035765,91.33739435,HDX cod-ab-bgd v03 (OCHA admin boundaries; adm1/2/3 centroid lat/lon),true
6036,60360077,Nabiganj,,24.57071941,91.54818498,HDX cod-ab-bgd v03 (OCHA admin boundaries; adm1/2/3 centroid lat/lon),true
6036,60360087,Shayestaganj,,24.27497717,91.40681882,HDX cod-ab-bgd v03 (OCHA admin boundaries; adm1/2/3 centroid lat/lon),true
6058,60580014,Baralekha,,24.70854578,92.17635211,HDX cod-ab-bgd v03 (OCHA admin boundaries; adm1/2/3 centroid lat/lon),true
6058,60580035,Juri,,24.55392188,92.14517559,HDX cod-ab-bgd v03 (OCHA admin boundaries; adm1/2/3 centroid lat/lon),true
6058,60580056,Kamalganj,,24.31685165,91.86015204,HDX cod-ab-bgd v03 (OCHA admin boundaries; adm1/2/3 centroid lat/lon),true
6058,60580065,Kulaura,,24.48996524,92.01511303,HDX cod-ab-bgd v03 (OCHA admin boundaries; adm1/2/3 centroid lat/lon),true
6058,60580074,Moulvibazar Sadar,,24.4993968,91.71316807,HDX cod-ab-bgd v03 (OCHA admin boundaries; adm1/2/3 centroid lat/lon),true
6058,60580080,Rajnagar,,24.56522658,91.86352334,HDX cod-ab-bgd v03 (OCHA admin boundaries; adm1/2/3 centroid lat/lon),true
6058,60580083,Sreemangal,,24.30220515,91.69901682,HDX cod-ab-bgd v03 (OCHA admin boundaries; adm1/2/3 centroid lat/lon),true
6090,60900018,Bishwambharpur,,25.10888415,91.31523834,HDX cod-ab-bgd v03 (OCHA admin boundaries; adm1/2/3 centroid lat/lon),true
6090,60900023,Chhatak,,24.94892153,91.61454158,HDX cod-ab-bgd v03 (OCHA admin boundaries; adm1/2/3 centroid lat/lon),true
6090,60900029,Derai,,24.78742253,91.33608142,HDX cod-ab-bgd v03 (OCHA admin boundaries; adm1/2/3 centroid lat/lon),true
6090,60900032,Dharmapasha,,24.9442515,91.0637998,HDX cod-ab-bgd v03 (OCHA admin boundaries; adm1/2/3 centroid lat/lon),true
6090,60900033,Dowarabazar,,25.07164732,91.56119491,HDX cod-ab-bgd v03 (OCHA admin boundaries; adm1/2/3 centroid lat/lon),true
6090,60900047,Jagannathpur,,24.75016803,91.55672295,HDX cod-ab-bgd v03 (OCHA admin boundaries; adm1/2/3 centroid lat/lon),true
6090,60900050,Jamalganj,,24.95589373,91.20325709,HDX cod-ab-bgd v03 (OCHA admin boundaries; adm1/2/3 centroid lat/lon),true
6090,60900063,Madhyanagar,,25.09020205,91.0132659,HDX cod-ab-bgd v03 (OCHA admin boundaries; adm1/2/3 centroid lat/lon),true
6090,60900086,Shalla,,24.68747144,91.25886283,HDX cod-ab-bgd v03 (OCHA admin boundaries; adm1/2/3 centroid lat/lon),true
6090,60900087,Shantiganj,,24.9123799,91.40777623,HDX cod-ab-bgd v03 (OCHA admin boundaries; adm1/2/3 centroid lat/lon),true
6090,60900089,Sunamganj Sadar,,25.0538758,91.39998186,HDX cod-ab-bgd v03 (OCHA admin boundaries; adm1/2/3 centroid lat/lon),true
6090,60900092,Tahirpur,,25.12901357,91.16369632,HDX cod-ab-bgd v03 (OCHA admin boundaries; adm1/2/3 centroid lat/lon),true
6091,60910008,Balaganj,,24.68865059,91.82992075,HDX cod-ab-bgd v03 (OCHA admin boundaries; adm1/2/3 centroid lat/lon),true
6091,60910017,Beanibazar,,24.84934837,92.15957094,HDX cod-ab-bgd v03 (OCHA admin boundaries; adm1/2/3 centroid lat/lon),true
6091,60910020,Bishwanath,,24.83470762,91.72814054,HDX cod-ab-bgd v03 (OCHA admin boundaries; adm1/2/3 centroid lat/lon),true
6091,60910027,Companiganj,,25.0799183,91.77309913,HDX cod-ab-bgd v03 (OCHA admin boundaries; adm1/2/3 centroid lat/lon),true
6091,60910031,Dakkhin Surma,,24.81711992,91.87712889,HDX cod-ab-bgd v03 (OCHA admin boundaries; adm1/2/3 centroid lat/lon),true
6091,60910035,Fenchuganj,,24.69358233,91.96304017,HDX cod-ab-bgd v03 (OCHA admin boundaries; adm1/2/3 centroid lat/lon),true
6091,60910038,Golapganj,,24.81047474,92.01838458,HDX cod-ab-bgd v03 (OCHA admin boundaries; adm1/2/3 centroid lat/lon),true
6091,60910041,Gowainghat,,25.08145524,91.95895822,HDX cod-ab-bgd v03 (OCHA admin boundaries; adm1/2/3 centroid lat/lon),true
6091,60910053,Jaintapur,,25.05799543,92.1045136,HDX cod-ab-bgd v03 (OCHA admin boundaries; adm1/2/3 centroid lat/lon),true
6091,60910059,Kanaighat,,24.9932219,92.21911505,HDX cod-ab-bgd v03 (OCHA admin boundaries; adm1/2/3 centroid lat/lon),true
6091,60910060,Osmaninagar,,24.70336209,91.73194607,HDX cod-ab-bgd v03 (OCHA admin boundaries; adm1/2/3 centroid lat/lon),true
6091,60910062,Sylhet Sadar,,24.94433953,91.84586196,HDX cod-ab-bgd v03 (OCHA admin boundaries; adm1/2/3 centroid lat/lon),true
6091,60910094,Zakiganj,,24.92531685,92.36786009,HDX cod-ab-bgd v03 (OCHA admin boundaries; adm1/2/3 centroid lat/lon),true
2015,20151600,Chattogram City Corporation,,22.34552085,91.80897271,HDX cod-ab-bgd v03 (OCHA admin boundaries; adm1/2/3 centroid lat/lon),true
2019,20195000,Cumilla City Corporation,,23.43375045,91.1833508,HDX cod-ab-bgd v03 (OCHA admin boundaries; adm1/2/3 centroid lat/lon),true
3026,30262500,Dhaka North City Corporation,,23.82077798,90.40619118,HDX cod-ab-bgd v03 (OCHA admin boundaries; adm1/2/3 centroid lat/lon),true
3026,30262000,Dhaka South City Corporation,,23.72675466,90.43742437,HDX cod-ab-bgd v03 (OCHA admin boundaries; adm1/2/3 centroid lat/lon),true
3033,30333300,Gazipur City Corporation,,23.98319059,90.38473992,HDX cod-ab-bgd v03 (OCHA admin boundaries; adm1/2/3 centroid lat/lon),true
3067,30674400,Narayanganj City Corporation,,23.65271449,90.51036212,HDX cod-ab-bgd v03 (OCHA admin boundaries; adm1/2/3 centroid lat/lon),true
4047,40473300,Khulna City Corporation,,22.83731845,89.54114406,HDX cod-ab-bgd v03 (OCHA admin boundaries; adm1/2/3 centroid lat/lon),true
5081,50816600,Rajshahi City Corporation,,24.38077324,88.60874761,HDX cod-ab-bgd v03 (OCHA admin boundaries; adm1/2/3 centroid lat/lon),true
1006,10065000,Barishal City Corporation,,22.70206962,90.34233632,HDX cod-ab-bgd v03 (OCHA admin boundaries; adm1/2/3 centroid lat/lon),true
4561,45614000,Mymensingh City Corporation,,24.74981075,90.40580762,HDX cod-ab-bgd v03 (OCHA admin boundaries; adm1/2/3 centroid lat/lon),true
5585,55857500,Rangpur City Corporation,,25.7532263,89.24423406,HDX cod-ab-bgd v03 (OCHA admin boundaries; adm1/2/3 centroid lat/lon),true
6091,60915000,Sylhet City Corporation,,24.89493179,91.87179483,HDX cod-ab-bgd v03 (OCHA admin boundaries; adm1/2/3 centroid lat/lon),true
